market,candle_date_time_utc,candle_date_time_kst,opening_price,high_price,low_price,trade_price,timestamp,candle_acc_trade_price,candle_acc_trade_volume,unit
KRW-XRP,2023-12-20T04:30:00,2023-12-20T13:30:00,830.0,830.0,829.0,830.0,1703046626073,3922504.88956931,4727.87679065,1
KRW-XRP,2023-12-20T04:29:00,2023-12-20T13:29:00,829.0,830.0,829.0,829.0,1703046598869,60858684.60208644,73344.56912707,1
KRW-XRP,2023-12-20T04:28:00,2023-12-20T13:28:00,829.0,830.0,829.0,830.0,1703046534660,190113657.58289483,229301.65373099,1
KRW-XRP,2023-12-20T04:27:00,2023-12-20T13:27:00,829.0,830.0,829.0,829.0,1703046476503,255600046.60074377,308313.07485426,1
KRW-XRP,2023-12-20T04:26:00,2023-12-20T13:26:00,829.0,829.0,828.0,828.0,1703046409858,24460279.23898135,29518.81201697,1
KRW-XRP,2023-12-20T04:25:00,2023-12-20T13:25:00,828.0,829.0,828.0,829.0,1703046359374,49906370.41893624,60231.20148803,1
KRW-XRP,2023-12-20T04:24:00,2023-12-20T13:24:00,829.0,829.0,828.0,828.0,1703046298770,51585573.62038187,62231.93586054,1
KRW-XRP,2023-12-20T04:23:00,2023-12-20T13:23:00,829.0,829.0,828.0,829.0,1703046238272,22635482.68132235,27313.25797954,1
KRW-XRP,2023-12-20T04:22:00,2023-12-20T13:22:00,829.0,829.0,828.0,829.0,1703046179430,19974768.64840602,24111.3900638,1
KRW-XRP,2023-12-20T04:21:00,2023-12-20T13:21:00,828.0,829.0,827.0,829.0,1703046116015,106482299.13538755,128585.16863719,1
KRW-XRP,2023-12-20T04:20:00,2023-12-20T13:20:00,829.0,829.0,828.0,828.0,1703046058121,145016655.36993816,175064.64351645,1
KRW-XRP,2023-12-20T04:19:00,2023-12-20T13:19:00,829.0,829.0,828.0,829.0,1703045997924,58755942.20945419,70883.51761393,1
KRW-XRP,2023-12-20T04:18:00,2023-12-20T13:18:00,828.0,829.0,828.0,829.0,1703045938058,122589442.18271537,148021.08518173,1
KRW-XRP,2023-12-20T04:17:00,2023-12-20T13:17:00,828.0,828.0,827.0,828.0,1703045877513,342804039.7081553,414032.07933507,1
KRW-XRP,2023-12-20T04:16:00,2023-12-20T13:16:00,827.0,828.0,827.0,827.0,1703045816260,21054481.74317209,25442.9459539,1
KRW-XRP,2023-12-20T04:15:00,2023-12-20T13:15:00,828.0,828.0,827.0,827.0,1703045758278,26153600.5452137,31621.05023472,1
KRW-XRP,2023-12-20T04:14:00,2023-12-20T13:14:00,827.0,828.0,827.0,828.0,1703045697220,40905238.55197036,49460.44895418,1
KRW-XRP,2023-12-20T04:13:00,2023-12-20T13:13:00,828.0,828.0,827.0,828.0,1703045637965,134466851.5907423,162553.07799039,1
KRW-XRP,2023-12-20T04:12:00,2023-12-20T13:12:00,828.0,828.0,827.0,828.0,1703045579263,69320701.04041146,83752.50029183,1
KRW-XRP,2023-12-20T04:11:00,2023-12-20T13:11:00,828.0,828.0,827.0,828.0,1703045519277,30881982.16626127,37304.99488264,1
KRW-XRP,2023-12-20T04:10:00,2023-12-20T13:10:00,827.0,828.0,827.0,828.0,1703045458739,118329264.91782193,142949.02691268,1
KRW-XRP,2023-12-20T04:09:00,2023-12-20T13:09:00,828.0,828.0,827.0,827.0,1703045398072,57340347.94203776,69315.05908515,1
KRW-XRP,2023-12-20T04:08:00,2023-12-20T13:08:00,828.0,828.0,827.0,828.0,1703045339115,94796042.3972834,114569.53223648,1
KRW-XRP,2023-12-20T04:07:00,2023-12-20T13:07:00,827.0,828.0,827.0,828.0,1703045279859,44087652.17038057,53253.46430147,1
KRW-XRP,2023-12-20T04:06:00,2023-12-20T13:06:00,828.0,828.0,827.0,828.0,1703045219332,39460580.15740845,47664.18281256,1
KRW-XRP,2023-12-20T04:05:00,2023-12-20T13:05:00,827.0,828.0,827.0,827.0,1703045159203,32255909.41329886,38978.60922206,1
KRW-XRP,2023-12-20T04:04:00,2023-12-20T13:04:00,828.0,828.0,827.0,827.0,1703045097946,37041272.64748059,44746.83329553,1
KRW-XRP,2023-12-20T04:03:00,2023-12-20T13:03:00,827.0,828.0,826.0,828.0,1703045039039,65850967.81738875,79624.40308272,1
KRW-XRP,2023-12-20T04:02:00,2023-12-20T13:02:00,827.0,827.0,826.0,826.0,1703044978833,193108253.33601576,233522.78684716,1
KRW-XRP,2023-12-20T04:01:00,2023-12-20T13:01:00,827.0,828.0,827.0,827.0,1703044918385,44527567.0241738,53838.35012544,1
KRW-XRP,2023-12-20T04:00:00,2023-12-20T13:00:00,828.0,828.0,827.0,828.0,1703044856270,26389426.54795957,31884.64049753,1
KRW-XRP,2023-12-20T03:59:00,2023-12-20T12:59:00,827.0,828.0,826.0,827.0,1703044796185,397625143.57222986,480813.72488649,1
KRW-XRP,2023-12-20T03:58:00,2023-12-20T12:58:00,827.0,828.0,826.0,827.0,1703044740003,139363893.05394584,168536.13842064,1
KRW-XRP,2023-12-20T03:57:00,2023-12-20T12:57:00,826.0,827.0,826.0,827.0,1703044678349,43961822.4573641,53178.63371418,1
KRW-XRP,2023-12-20T03:56:00,2023-12-20T12:56:00,827.0,827.0,826.0,827.0,1703044619422,44284578.34260872,53603.92195872,1
KRW-XRP,2023-12-20T03:55:00,2023-12-20T12:55:00,826.0,827.0,826.0,827.0,1703044549673,22307074.97545599,26998.83327204,1
KRW-XRP,2023-12-20T03:54:00,2023-12-20T12:54:00,826.0,827.0,826.0,826.0,1703044488443,2367259.9241112,2865.56697278,1
KRW-XRP,2023-12-20T03:53:00,2023-12-20T12:53:00,826.0,827.0,825.0,826.0,1703044438747,163362550.4891936,197761.32271907,1
KRW-XRP,2023-12-20T03:52:00,2023-12-20T12:52:00,825.0,826.0,825.0,826.0,1703044379647,106702038.36330636,129186.63522343,1
KRW-XRP,2023-12-20T03:51:00,2023-12-20T12:51:00,826.0,826.0,825.0,826.0,1703044319743,129297022.18720818,156572.64304499,1
KRW-XRP,2023-12-20T03:50:00,2023-12-20T12:50:00,826.0,826.0,825.0,826.0,1703044259971,47312141.2579902,57286.02732434,1
KRW-XRP,2023-12-20T03:49:00,2023-12-20T12:49:00,826.0,827.0,825.0,826.0,1703044199748,165498958.635547,200373.45389814,1
KRW-XRP,2023-12-20T03:48:00,2023-12-20T12:48:00,827.0,827.0,825.0,826.0,1703044138824,57936944.87732211,70135.91890971,1
KRW-XRP,2023-12-20T03:47:00,2023-12-20T12:47:00,827.0,827.0,825.0,826.0,1703044074669,181470080.21235302,219658.28645471,1
KRW-XRP,2023-12-20T03:46:00,2023-12-20T12:46:00,827.0,827.0,826.0,826.0,1703044017917,57989689.63432129,70134.9991322,1
KRW-XRP,2023-12-20T03:45:00,2023-12-20T12:45:00,826.0,827.0,826.0,827.0,1703043959980,66857236.90456709,80876.56850875,1
KRW-XRP,2023-12-20T03:44:00,2023-12-20T12:44:00,826.0,827.0,826.0,826.0,1703043898966,57492617.09528807,69560.51640496,1
KRW-XRP,2023-12-20T03:43:00,2023-12-20T12:43:00,826.0,826.0,826.0,826.0,1703043839851,53574119.04244358,64859.70828383,1
KRW-XRP,2023-12-20T03:42:00,2023-12-20T12:42:00,826.0,827.0,825.0,826.0,1703043777878,33000096.46804519,39951.70279153,1
KRW-XRP,2023-12-20T03:41:00,2023-12-20T12:41:00,827.0,827.0,826.0,827.0,1703043719033,61756263.21431986,74751.58451205,1
KRW-XRP,2023-12-20T03:40:00,2023-12-20T12:40:00,827.0,827.0,825.0,826.0,1703043656296,33599798.84961527,40698.86485863,1
KRW-XRP,2023-12-20T03:39:00,2023-12-20T12:39:00,826.0,827.0,826.0,827.0,1703043590987,8063420.33324534,9752.91169636,1
KRW-XRP,2023-12-20T03:38:00,2023-12-20T12:38:00,827.0,827.0,826.0,827.0,1703043539959,64114406.41087711,77585.94830845,1
KRW-XRP,2023-12-20T03:37:00,2023-12-20T12:37:00,827.0,827.0,825.0,827.0,1703043477492,90345519.56254047,109381.45927309,1
KRW-XRP,2023-12-20T03:36:00,2023-12-20T12:36:00,826.0,827.0,825.0,827.0,1703043418970,109219701.02118663,132289.52046529,1
KRW-XRP,2023-12-20T03:35:00,2023-12-20T12:35:00,826.0,827.0,825.0,825.0,1703043353266,129671299.50909267,157077.7227708,1
KRW-XRP,2023-12-20T03:34:00,2023-12-20T12:34:00,826.0,827.0,825.0,826.0,1703043299705,44413156.07468818,53758.42889068,1
KRW-XRP,2023-12-20T03:33:00,2023-12-20T12:33:00,826.0,827.0,825.0,827.0,1703043239360,194507983.85121557,235381.29212794,1
KRW-XRP,2023-12-20T03:32:00,2023-12-20T12:32:00,826.0,827.0,825.0,826.0,1703043179977,196708397.1102022,238108.76626384,1
KRW-XRP,2023-12-20T03:31:00,2023-12-20T12:31:00,826.0,827.0,825.0,827.0,1703043119807,135001306.81833366,163378.97750825,1
KRW-XRP,2023-12-20T03:30:00,2023-12-20T12:30:00,827.0,827.0,826.0,826.0,1703043058823,126090708.54461074,152593.30616986,1
KRW-XRP,2023-12-20T03:29:00,2023-12-20T12:29:00,827.0,827.0,826.0,827.0,1703042999444,82140425.44269209,99416.1973451,1
KRW-XRP,2023-12-20T03:28:00,2023-12-20T12:28:00,827.0,828.0,826.0,827.0,1703042938855,96141346.63634866,116243.06582261,1
KRW-XRP,2023-12-20T03:27:00,2023-12-20T12:27:00,827.0,828.0,827.0,828.0,1703042875139,93887344.01792683,113401.99840234,1
KRW-XRP,2023-12-20T03:26:00,2023-12-20T12:26:00,828.0,828.0,827.0,828.0,1703042819901,78328225.2603512,94641.53104962,1
KRW-XRP,2023-12-20T03:25:00,2023-12-20T12:25:00,828.0,829.0,827.0,828.0,1703042759133,101699484.76285912,122804.91376457,1
KRW-XRP,2023-12-20T03:24:00,2023-12-20T12:24:00,829.0,829.0,828.0,828.0,1703042699327,121982209.53167994,147317.35860991,1
KRW-XRP,2023-12-20T03:23:00,2023-12-20T12:23:00,827.0,829.0,827.0,828.0,1703042639706,132239636.40941554,159712.87455698,1
KRW-XRP,2023-12-20T03:22:00,2023-12-20T12:22:00,828.0,828.0,827.0,828.0,1703042579551,246953746.43863228,298260.40966999,1
KRW-XRP,2023-12-20T03:21:00,2023-12-20T12:21:00,827.0,828.0,827.0,828.0,1703042519246,136817538.595419,165264.41175651,1
KRW-XRP,2023-12-20T03:20:00,2023-12-20T12:20:00,827.0,828.0,826.0,828.0,1703042459045,334480314.0208309,404347.39134273,1
KRW-XRP,2023-12-20T03:19:00,2023-12-20T12:19:00,825.0,827.0,825.0,827.0,1703042397925,318151809.8544887,385156.55299358,1
KRW-XRP,2023-12-20T03:18:00,2023-12-20T12:18:00,826.0,826.0,825.0,825.0,1703042336126,25953995.04278916,31455.56315059,1
KRW-XRP,2023-12-20T03:17:00,2023-12-20T12:17:00,826.0,826.0,825.0,826.0,1703042278904,22386230.21164053,27116.92376341,1
KRW-XRP,2023-12-20T03:16:00,2023-12-20T12:16:00,825.0,826.0,825.0,826.0,1703042217587,12544723.11636683,15191.19821492,1
KRW-XRP,2023-12-20T03:15:00,2023-12-20T12:15:00,825.0,826.0,825.0,825.0,1703042157225,19901796.36626817,24106.01892382,1
KRW-XRP,2023-12-20T03:14:00,2023-12-20T12:14:00,826.0,826.0,825.0,826.0,1703042098970,37102390.34608174,44925.31560054,1
KRW-XRP,2023-12-20T03:13:00,2023-12-20T12:13:00,826.0,826.0,825.0,826.0,1703042034139,69278855.1507661,83916.40501189,1
KRW-XRP,2023-12-20T03:12:00,2023-12-20T12:12:00,826.0,826.0,825.0,825.0,1703041977792,24201801.10011188,29326.51529698,1
KRW-XRP,2023-12-20T03:11:00,2023-12-20T12:11:00,826.0,826.0,825.0,825.0,1703041916747,16647545.74972754,20167.8805329,1
KRW-XRP,2023-12-20T03:10:00,2023-12-20T12:10:00,826.0,826.0,825.0,825.0,1703041859574,16056511.63954957,19458.82782464,1
KRW-XRP,2023-12-20T03:09:00,2023-12-20T12:09:00,826.0,826.0,825.0,825.0,1703041797498,61164379.7509375,74112.08657629,1
KRW-XRP,2023-12-20T03:08:00,2023-12-20T12:08:00,826.0,826.0,825.0,825.0,1703041737616,27568256.19898452,33398.06503988,1
KRW-XRP,2023-12-20T03:07:00,2023-12-20T12:07:00,825.0,826.0,825.0,825.0,1703041677754,6442697.82841558,7806.69272687,1
KRW-XRP,2023-12-20T03:06:00,2023-12-20T12:06:00,826.0,826.0,825.0,825.0,1703041611879,42928264.87655423,52009.05443387,1
KRW-XRP,2023-12-20T03:05:00,2023-12-20T12:05:00,825.0,826.0,825.0,825.0,1703041551390,64352666.64022096,77927.7462514,1
KRW-XRP,2023-12-20T03:04:00,2023-12-20T12:04:00,826.0,826.0,825.0,825.0,1703041497887,49802545.5713928,60364.36139944,1
KRW-XRP,2023-12-20T03:03:00,2023-12-20T12:03:00,826.0,826.0,825.0,826.0,1703041439845,28276695.07018183,34251.08199941,1
KRW-XRP,2023-12-20T03:02:00,2023-12-20T12:02:00,826.0,826.0,825.0,826.0,1703041378475,75714941.24985683,91728.02675697,1
KRW-XRP,2023-12-20T03:01:00,2023-12-20T12:01:00,825.0,826.0,825.0,825.0,1703041316802,4816531.37622031,5832.07604403,1
KRW-XRP,2023-12-20T03:00:00,2023-12-20T12:00:00,826.0,826.0,825.0,826.0,1703041259147,18899201.42374261,22890.05128992,1
KRW-XRP,2023-12-20T02:59:00,2023-12-20T11:59:00,825.0,825.0,824.0,825.0,1703041196190,134205898.16508286,162738.74238949,1
KRW-XRP,2023-12-20T02:58:00,2023-12-20T11:58:00,825.0,825.0,824.0,825.0,1703041137850,27437926.9516599,33260.99838058,1
KRW-XRP,2023-12-20T02:57:00,2023-12-20T11:57:00,825.0,825.0,824.0,825.0,1703041079972,33690977.93013872,40862.20983218,1
KRW-XRP,2023-12-20T02:56:00,2023-12-20T11:56:00,824.0,825.0,824.0,824.0,1703041019695,25122480.98384975,30453.13628289,1
KRW-XRP,2023-12-20T02:55:00,2023-12-20T11:55:00,825.0,825.0,824.0,825.0,1703040957178,25646091.83032371,31089.1729238,1
KRW-XRP,2023-12-20T02:54:00,2023-12-20T11:54:00,824.0,825.0,824.0,825.0,1703040899293,21778027.52954928,26419.49222677,1
KRW-XRP,2023-12-20T02:53:00,2023-12-20T11:53:00,825.0,825.0,824.0,825.0,1703040838688,44113669.99334739,53481.08908046,1
KRW-XRP,2023-12-20T02:52:00,2023-12-20T11:52:00,824.0,825.0,824.0,825.0,1703040776111,20628044.37598557,25019.06785206,1
KRW-XRP,2023-12-20T02:51:00,2023-12-20T11:51:00,824.0,825.0,824.0,824.0,1703040717211,23147599.33383459,28066.33643573,1
KRW-XRP,2023-12-20T02:50:00,2023-12-20T11:50:00,825.0,825.0,824.0,824.0,1703040657004,83712305.55537291,101480.56169162,1
KRW-XRP,2023-12-20T02:49:00,2023-12-20T11:49:00,825.0,825.0,824.0,825.0,1703040595291,82666385.8353055,100204.72862178,1
KRW-XRP,2023-12-20T02:48:00,2023-12-20T11:48:00,826.0,826.0,825.0,826.0,1703040535491,25269113.5781262,30625.48306265,1
KRW-XRP,2023-12-20T02:47:00,2023-12-20T11:47:00,826.0,826.0,825.0,825.0,1703040480003,62368393.74031858,75583.85608807,1
KRW-XRP,2023-12-20T02:46:00,2023-12-20T11:46:00,825.0,826.0,825.0,825.0,1703040414597,14979184.2221251,18152.61680707,1
KRW-XRP,2023-12-20T02:45:00,2023-12-20T11:45:00,824.0,825.0,824.0,825.0,1703040358467,70087717.94744831,84973.2866145,1
KRW-XRP,2023-12-20T02:44:00,2023-12-20T11:44:00,825.0,826.0,824.0,825.0,1703040299264,99210594.12318882,120243.84259465,1
KRW-XRP,2023-12-20T02:43:00,2023-12-20T11:43:00,825.0,826.0,824.0,826.0,1703040235985,154463168.25917035,187213.9252175,1
KRW-XRP,2023-12-20T02:42:00,2023-12-20T11:42:00,825.0,825.0,824.0,825.0,1703040179140,123829416.89432503,150110.7275009,1
KRW-XRP,2023-12-20T02:41:00,2023-12-20T11:41:00,825.0,825.0,824.0,824.0,1703040117048,76196197.42687581,92366.15759038,1
KRW-XRP,2023-12-20T02:40:00,2023-12-20T11:40:00,824.0,825.0,824.0,825.0,1703040055778,29140273.73712174,35348.34192446,1
KRW-XRP,2023-12-20T02:39:00,2023-12-20T11:39:00,824.0,825.0,823.0,824.0,1703039986457,22494388.78838822,27298.71529584,1
KRW-XRP,2023-12-20T02:38:00,2023-12-20T11:38:00,824.0,824.0,823.0,824.0,1703039938601,17426952.46058803,21149.62842105,1
KRW-XRP,2023-12-20T02:37:00,2023-12-20T11:37:00,824.0,825.0,823.0,823.0,1703039879982,104296459.83350489,126566.71695866,1
KRW-XRP,2023-12-20T02:36:00,2023-12-20T11:36:00,824.0,825.0,824.0,824.0,1703039816053,29304190.84110178,35547.62168479,1
KRW-XRP,2023-12-20T02:35:00,2023-12-20T11:35:00,825.0,825.0,824.0,824.0,1703039756026,131884162.9101157,160006.63983081,1
KRW-XRP,2023-12-20T02:34:00,2023-12-20T11:34:00,824.0,825.0,824.0,824.0,1703039697952,16107161.21421031,19528.77026737,1
KRW-XRP,2023-12-20T02:33:00,2023-12-20T11:33:00,825.0,825.0,824.0,824.0,1703039636919,71475276.51612565,86645.55615317,1
KRW-XRP,2023-12-20T02:32:00,2023-12-20T11:32:00,825.0,825.0,824.0,825.0,1703039577450,58504586.20158341,70985.73046016,1
KRW-XRP,2023-12-20T02:31:00,2023-12-20T11:31:00,825.0,825.0,824.0,824.0,1703039518214,119853064.6192822,145408.87796061,1
KRW-XRP,2023-12-20T02:30:00,2023-12-20T11:30:00,825.0,825.0,824.0,824.0,1703039456834,46219264.61160663,56064.51848914,1
KRW-XRP,2023-12-20T02:29:00,2023-12-20T11:29:00,824.0,825.0,823.0,825.0,1703039399356,297699918.3003729,361235.35256754,1
KRW-XRP,2023-12-20T02:28:00,2023-12-20T11:28:00,823.0,824.0,823.0,824.0,1703039338888,47159596.60825431,57245.38137784,1
KRW-XRP,2023-12-20T02:27:00,2023-12-20T11:27:00,823.0,824.0,822.0,823.0,1703039274931,105300823.34664498,127940.23586937,1
KRW-XRP,2023-12-20T02:26:00,2023-12-20T11:26:00,823.0,823.0,822.0,822.0,1703039219725,70706639.98332039,85919.63665902,1
KRW-XRP,2023-12-20T02:25:00,2023-12-20T11:25:00,823.0,823.0,822.0,823.0,1703039159169,29109747.93407705,35389.13621745,1
KRW-XRP,2023-12-20T02:24:00,2023-12-20T11:24:00,823.0,823.0,822.0,823.0,1703039099827,73396870.43188699,89236.38470169,1
KRW-XRP,2023-12-20T02:23:00,2023-12-20T11:23:00,823.0,823.0,822.0,823.0,1703039039259,25289009.95670724,30738.48687685,1
KRW-XRP,2023-12-20T02:22:00,2023-12-20T11:22:00,822.0,823.0,822.0,823.0,1703038979092,45685546.56142283,55536.81935455,1
KRW-XRP,2023-12-20T02:21:00,2023-12-20T11:21:00,822.0,823.0,821.0,823.0,1703038919694,119842016.27132888,145702.58558737,1
KRW-XRP,2023-12-20T02:20:00,2023-12-20T11:20:00,822.0,822.0,821.0,822.0,1703038859250,47672512.86449632,58006.86608036,1
KRW-XRP,2023-12-20T02:19:00,2023-12-20T11:19:00,822.0,822.0,821.0,822.0,1703038797969,56866263.84045298,69204.43167966,1
KRW-XRP,2023-12-20T02:18:00,2023-12-20T11:18:00,821.0,823.0,821.0,822.0,1703038737295,101842232.87458335,123925.24845057,1
KRW-XRP,2023-12-20T02:17:00,2023-12-20T11:17:00,821.0,822.0,821.0,822.0,1703038679509,146993790.390462,178882.99056861,1
KRW-XRP,2023-12-20T02:16:00,2023-12-20T11:16:00,821.0,822.0,821.0,822.0,1703038617500,36422635.79306008,44329.95157643,1
KRW-XRP,2023-12-20T02:15:00,2023-12-20T11:15:00,821.0,822.0,821.0,821.0,1703038553301,29122980.13637608,35454.83950067,1
KRW-XRP,2023-12-20T02:14:00,2023-12-20T11:14:00,822.0,822.0,821.0,821.0,1703038497499,20255625.4100848,24653.39105526,1
KRW-XRP,2023-12-20T02:13:00,2023-12-20T11:13:00,821.0,821.0,820.0,821.0,1703038438568,179779160.24632502,218989.08552617,1
KRW-XRP,2023-12-20T02:12:00,2023-12-20T11:12:00,821.0,821.0,820.0,821.0,1703038379667,86845131.97181493,105849.385726,1
KRW-XRP,2023-12-20T02:11:00,2023-12-20T11:11:00,820.0,821.0,820.0,820.0,1703038319481,26826475.93937888,32700.71860821,1
KRW-XRP,2023-12-20T02:10:00,2023-12-20T11:10:00,821.0,821.0,820.0,820.0,1703038259462,72592893.31093395,88510.88939825,1
KRW-XRP,2023-12-20T02:09:00,2023-12-20T11:09:00,820.0,821.0,820.0,821.0,1703038196593,172562029.97566566,210395.92253008,1
KRW-XRP,2023-12-20T02:08:00,2023-12-20T11:08:00,823.0,823.0,820.0,820.0,1703038139899,381534770.9061816,464554.87219765,1
KRW-XRP,2023-12-20T02:07:00,2023-12-20T11:07:00,822.0,823.0,822.0,823.0,1703038079738,66229214.92358165,80491.85346693,1
KRW-XRP,2023-12-20T02:06:00,2023-12-20T11:06:00,823.0,823.0,822.0,822.0,1703038017545,118212191.26784442,143660.86558994,1
KRW-XRP,2023-12-20T02:05:00,2023-12-20T11:05:00,824.0,824.0,823.0,824.0,1703037956201,93973999.56351541,114154.3287765,1
KRW-XRP,2023-12-20T02:04:00,2023-12-20T11:04:00,823.0,824.0,823.0,824.0,1703037898501,51432495.92778221,62490.02281938,1
KRW-XRP,2023-12-20T02:03:00,2023-12-20T11:03:00,824.0,824.0,823.0,824.0,1703037838583,51163545.70684765,62155.69764443,1
KRW-XRP,2023-12-20T02:02:00,2023-12-20T11:02:00,824.0,824.0,823.0,824.0,1703037772185,16261655.82985968,19745.2252393,1
KRW-XRP,2023-12-20T02:01:00,2023-12-20T11:01:00,823.0,824.0,823.0,824.0,1703037718286,81137886.9142056,98578.43421929,1
KRW-XRP,2023-12-20T02:00:00,2023-12-20T11:00:00,823.0,824.0,823.0,823.0,1703037654743,11348538.37972245,13784.30651961,1
KRW-XRP,2023-12-20T01:59:00,2023-12-20T10:59:00,823.0,824.0,823.0,823.0,1703037598967,99348995.8360475,120678.09847433,1
KRW-XRP,2023-12-20T01:58:00,2023-12-20T10:58:00,824.0,824.0,823.0,823.0,1703037539060,44886918.9187466,54525.68494599,1
KRW-XRP,2023-12-20T01:57:00,2023-12-20T10:57:00,824.0,824.0,823.0,824.0,1703037470135,22937487.88500073,27852.64431862,1
KRW-XRP,2023-12-20T01:56:00,2023-12-20T10:56:00,822.0,824.0,822.0,824.0,1703037415627,61812609.81196464,75090.0145148,1
KRW-XRP,2023-12-20T01:55:00,2023-12-20T10:55:00,822.0,823.0,822.0,823.0,1703037358526,119249829.87831417,144981.85916231,1
KRW-XRP,2023-12-20T01:54:00,2023-12-20T10:54:00,823.0,823.0,822.0,822.0,1703037298979,32121113.41846487,39062.09775218,1
KRW-XRP,2023-12-20T01:53:00,2023-12-20T10:53:00,822.0,823.0,821.0,823.0,1703037232626,137175546.19859427,166826.01615341,1
KRW-XRP,2023-12-20T01:52:00,2023-12-20T10:52:00,822.0,822.0,821.0,822.0,1703037178919,208775862.97450876,254090.85628314,1
KRW-XRP,2023-12-20T01:51:00,2023-12-20T10:51:00,821.0,822.0,821.0,821.0,1703037119685,64520443.78666918,78509.25325919,1
KRW-XRP,2023-12-20T01:50:00,2023-12-20T10:50:00,823.0,823.0,822.0,822.0,1703037059283,115656869.78786343,140662.05932808,1
KRW-XRP,2023-12-20T01:49:00,2023-12-20T10:49:00,823.0,823.0,822.0,822.0,1703036999812,114980873.83726881,139794.85228305,1
KRW-XRP,2023-12-20T01:48:00,2023-12-20T10:48:00,823.0,823.0,822.0,823.0,1703036938701,14508638.92914957,17634.71477772,1
KRW-XRP,2023-12-20T01:47:00,2023-12-20T10:47:00,823.0,823.0,821.0,823.0,1703036877756,331219642.18529105,402884.31867305,1
KRW-XRP,2023-12-20T01:46:00,2023-12-20T10:46:00,823.0,823.0,822.0,823.0,1703036818067,46065070.15034873,55978.00590662,1
KRW-XRP,2023-12-20T01:45:00,2023-12-20T10:45:00,823.0,823.0,822.0,823.0,1703036758758,131155745.55463763,159439.58960659,1
KRW-XRP,2023-12-20T01:44:00,2023-12-20T10:44:00,823.0,823.0,822.0,823.0,1703036698948,36145734.87792297,43951.12840086,1
KRW-XRP,2023-12-20T01:43:00,2023-12-20T10:43:00,823.0,823.0,822.0,823.0,1703036639836,49613722.21033602,60311.43550968,1
KRW-XRP,2023-12-20T01:42:00,2023-12-20T10:42:00,823.0,823.0,822.0,823.0,1703036574190,47991482.81936715,58324.72799171,1
KRW-XRP,2023-12-20T01:41:00,2023-12-20T10:41:00,822.0,824.0,822.0,823.0,1703036519198,196330620.3118818,238672.12852123,1
KRW-XRP,2023-12-20T01:40:00,2023-12-20T10:40:00,824.0,824.0,822.0,822.0,1703036458746,180056291.67446348,218812.57244698,1
KRW-XRP,2023-12-20T01:39:00,2023-12-20T10:39:00,824.0,824.0,823.0,823.0,1703036398515,198390459.16017374,241049.92848939,1
KRW-XRP,2023-12-20T01:38:00,2023-12-20T10:38:00,824.0,824.0,823.0,823.0,1703036338369,112674507.09386453,136856.24524,1
KRW-XRP,2023-12-20T01:37:00,2023-12-20T10:37:00,824.0,824.0,823.0,824.0,1703036278281,28296536.25687804,34354.88523892,1
KRW-XRP,2023-12-20T01:36:00,2023-12-20T10:36:00,824.0,825.0,823.0,823.0,1703036216460,51477365.22992945,62478.44898294,1
KRW-XRP,2023-12-20T01:35:00,2023-12-20T10:35:00,824.0,825.0,824.0,824.0,1703036152358,155570660.0378954,188789.31127135,1
KRW-XRP,2023-12-20T01:34:00,2023-12-20T10:34:00,824.0,825.0,824.0,825.0,1703036098929,301007812.5329427,365296.52280015,1
KRW-XRP,2023-12-20T01:33:00,2023-12-20T10:33:00,825.0,825.0,824.0,825.0,1703036039802,17070639.42320757,20708.27942934,1
KRW-XRP,2023-12-20T01:32:00,2023-12-20T10:32:00,824.0,825.0,824.0,825.0,1703035979973,18862721.9349445,22881.46017622,1
KRW-XRP,2023-12-20T01:31:00,2023-12-20T10:31:00,824.0,825.0,824.0,824.0,1703035918057,15411967.38429054,18686.3141978,1
KRW-XRP,2023-12-20T01:30:00,2023-12-20T10:30:00,825.0,825.0,824.0,824.0,1703035858807,20986241.38890334,25467.67141563,1
KRW-XRP,2023-12-20T01:29:00,2023-12-20T10:29:00,824.0,825.0,824.0,825.0,1703035797933,34765662.40279912,42176.65627995,1
KRW-XRP,2023-12-20T01:28:00,2023-12-20T10:28:00,826.0,826.0,824.0,824.0,1703035736400,175011140.53328827,212143.42511842,1
KRW-XRP,2023-12-20T01:27:00,2023-12-20T10:27:00,826.0,826.0,825.0,825.0,1703035673597,87863874.25130934,106477.24293762,1
KRW-XRP,2023-12-20T01:26:00,2023-12-20T10:26:00,825.0,826.0,825.0,826.0,1703035619909,26741746.93650603,32400.751364,1
KRW-XRP,2023-12-20T01:25:00,2023-12-20T10:25:00,825.0,826.0,825.0,825.0,1703035557876,109062508.49593085,132118.45771432,1
KRW-XRP,2023-12-20T01:24:00,2023-12-20T10:24:00,826.0,826.0,825.0,825.0,1703035498673,131338246.2335578,159149.57243849,1
KRW-XRP,2023-12-20T01:23:00,2023-12-20T10:23:00,826.0,826.0,825.0,826.0,1703035439141,25802900.74032957,31263.96848373,1
KRW-XRP,2023-12-20T01:22:00,2023-12-20T10:22:00,826.0,826.0,825.0,825.0,1703035378509,37744161.91150826,45697.03514127,1
KRW-XRP,2023-12-20T01:21:00,2023-12-20T10:21:00,826.0,826.0,825.0,826.0,1703035316778,19445732.7089181,23555.84868299,1
KRW-XRP,2023-12-20T01:20:00,2023-12-20T10:20:00,825.0,826.0,825.0,826.0,1703035258616,11973786.61608645,14503.34441298,1
KRW-XRP,2023-12-20T01:19:00,2023-12-20T10:19:00,826.0,826.0,825.0,825.0,1703035199773,58724347.2951345,71124.68613335,1
KRW-XRP,2023-12-20T01:18:00,2023-12-20T10:18:00,827.0,827.0,826.0,826.0,1703035139554,119040072.35439204,144092.1418275,1
KRW-XRP,2023-12-20T01:17:00,2023-12-20T10:17:00,827.0,827.0,826.0,826.0,1703035078018,42869830.11651113,51873.59887396,1
KRW-XRP,2023-12-20T01:16:00,2023-12-20T10:16:00,827.0,827.0,826.0,827.0,1703035018586,28265627.02490119,34190.06037707,1
KRW-XRP,2023-12-20T01:15:00,2023-12-20T10:15:00,827.0,827.0,826.0,827.0,1703034958498,123370906.10968925,149341.20431361,1
KRW-XRP,2023-12-20T01:14:00,2023-12-20T10:14:00,826.0,827.0,826.0,827.0,1703034896110,42891567.46431585,51886.13750384,1
KRW-XRP,2023-12-20T01:13:00,2023-12-20T10:13:00,826.0,827.0,826.0,826.0,1703034834678,34733113.92288021,42044.59040675,1
KRW-XRP,2023-12-20T01:12:00,2023-12-20T10:12:00,827.0,828.0,826.0,827.0,1703034779783,67461744.30814426,81570.71671911,1
KRW-XRP,2023-12-20T01:11:00,2023-12-20T10:11:00,827.0,828.0,827.0,827.0,1703034716263,68438232.59427054,82749.18884625,1
